{
  "version": "1.29.5",
  "createdWith": "Open Stage Control",
  "type": "fragment",
  "content": {
    "type": "panel",
    "top": "40.89%",
    "left": "0%",
    "height": "7.43%",
    "width": "98.88%",
    "lock": false,
    "id": "panel_horizontal_mix",
    "visible": true,
    "interaction": true,
    "comments": "",
    "expand": false,
    "colorText": "auto",
    "colorWidget": "auto",
    "colorStroke": "auto",
    "colorFill": "auto",
    "alphaStroke": "auto",
    "alphaFillOff": "auto",
    "alphaFillOn": "auto",
    "lineWidth": 0,
    "borderRadius": 0,
    "padding": 1,
    "html": "",
    "css": "",
    "colorBg": "auto",
    "layout": "grid",
    "justify": "start",
    "gridTemplate": "1fr / 5% 1fr 1fr 1fr 5fr",
    "contain": true,
    "scroll": true,
    "innerPadding": true,
    "tabsPosition": "top",
    "variables": {
      "name": "track",
      "color_bg": "#00000084"
    },
    "traversing": false,
    "value": "",
    "default": "",
    "linkId": "",
    "address": "auto",
    "preArgs": "",
    "typeTags": "",
    "decimals": 2,
    "target": "",
    "ignoreDefaults": false,
    "bypass": false,
    "onCreate": "",
    "onValue": "",
    "onTouch": "",
    "widgets": [
      {
        "type": "led",
        "top": "15.63%",
        "left": "20.99%",
        "height": "6%",
        "width": "8%",
        "lock": false,
        "id": "@{parent.variables.name}/color",
        "visible": true,
        "interaction": false,
        "comments": "",
        "expand": false,
        "colorText": "auto",
        "colorWidget": "auto",
        "colorStroke": "auto",
        "colorFill": "#{OSC{/@{this.id}} || 'auto'}",
        "alphaStroke": "auto",
        "alphaFillOff": "auto",
        "alphaFillOn": "auto",
        "lineWidth": "auto",
        "borderRadius": "auto",
        "padding": -1,
        "html": "",
        "css": "",
        "mode": "intensity",
        "range": {
          "min": 0,
          "max": 1
        },
        "alphaRange": {
          "min": 0,
          "max": 1
        },
        "logScale": false,
        "value": "",
        "default": "",
        "linkId": "",
        "address": "auto",
        "preArgs": "",
        "target": "",
        "bypass": false,
        "onCreate": "",
        "onValue": ""
      },
      {
        "type": "button",
        "top": "20%",
        "left": "1.92%",
        "height": "40%",
        "width": "5.77%",
        "lock": false,
        "id": "@{parent.variables.name}/solo",
        "visible": true,
        "interaction": true,
        "comments": "",
        "expand": "false",
        "colorText": "#{OSC{/@{this.id}} == \"on\" ? \"#000000\" : 'auto'}",
        "colorWidget": "auto",
        "colorStroke": "auto",
        "colorFill": "#{OSC{/@{this.id}} == \"on\" ? \"var(--yellow)\" : 'auto'}",
        "alphaStroke": "auto",
        "alphaFillOff": "#{OSC{/@{this.id}} == \"on\" ? '0.7' : 'auto'}",
        "alphaFillOn": "auto",
        "lineWidth": "auto",
        "padding": "auto",
        "html": "",
        "css": ":host {\n  font-size:17px;\n}\n",
        "colorTextOn": "auto",
        "label": "S",
        "vertical": false,
        "wrap": false,
        "on": 1,
        "off": 0,
        "mode": "push",
        "doubleTap": false,
        "value": "",
        "default": "",
        "linkId": "",
        "address": "auto",
        "preArgs": "",
        "typeTags": "i",
        "decimals": 0,
        "target": "",
        "ignoreDefaults": false,
        "bypass": false,
        "onCreate": "",
        "onValue": "",
        "borderRadius": 0,
        "decoupled": false
      },
      {
        "type": "button",
        "top": "20%",
        "left": "9.62%",
        "height": "40%",
        "width": "7.69%",
        "lock": false,
        "id": "@{parent.variables.name}/mute",
        "visible": true,
        "interaction": true,
        "comments": "",
        "expand": "false",
        "colorText": "#{OSC{/@{this.id}} == \"on\" ? \"#000000\" : 'auto'}",
        "colorWidget": "auto",
        "colorStroke": "auto",
        "colorFill": "#{OSC{/@{this.id}} == \"on\" ? \"var(--orange)\" : 'auto'}",
        "alphaStroke": "auto",
        "alphaFillOff": "#{OSC{/@{this.id}} == \"on\" ? '0.7' : 'auto'}",
        "alphaFillOn": "auto",
        "lineWidth": "auto",
        "padding": "auto",
        "html": "",
        "css": ":host {\n  font-size:17px;\n}",
        "colorTextOn": "auto",
        "label": "M",
        "vertical": false,
        "wrap": false,
        "on": 1,
        "off": 0,
        "mode": "push",
        "doubleTap": false,
        "value": "",
        "default": "",
        "linkId": "",
        "address": "auto",
        "preArgs": "",
        "typeTags": "i",
        "decimals": 0,
        "target": "",
        "ignoreDefaults": false,
        "bypass": false,
        "onCreate": "",
        "onValue": "",
        "borderRadius": 0,
        "decoupled": false
      },
      {
        "type": "button",
        "top": "20%",
        "left": "21.15%",
        "height": "40%",
        "width": "9.62%",
        "lock": false,
        "id": "@{parent.variables.name}/arm",
        "visible": true,
        "interaction": true,
        "comments": "",
        "expand": "false",
        "colorText": "#{OSC{/@{this.id}} == \"on\" ? \"#000000\" : 'auto'}",
        "colorWidget": "auto",
        "colorStroke": "auto",
        "colorFill": "#{OSC{/@{this.id}} == \"on\" ? \"var(--record)\" : 'auto'}",
        "alphaStroke": "auto",
        "alphaFillOff": "#{OSC{/@{this.id}} == \"on\" ? '0.7' : 'auto'}",
        "alphaFillOn": "auto",
        "lineWidth": "auto",
        "padding": "auto",
        "html": "",
        "css": ":host {\n  font-size:11px;\n}",
        "colorTextOn": "auto",
        "label": "^circle",
        "vertical": false,
        "wrap": false,
        "on": 1,
        "off": 0,
        "mode": "push",
        "doubleTap": false,
        "value": "",
        "default": "",
        "linkId": "",
        "address": "auto",
        "preArgs": "",
        "typeTags": "i",
        "decimals": 0,
        "target": "",
        "ignoreDefaults": false,
        "bypass": false,
        "onCreate": "",
        "onValue": "",
        "borderRadius": 0,
        "decoupled": false
      },
      {
        "type": "panel",
        "top": "10%",
        "left": "46.15%",
        "height": "70%",
        "width": "51.92%",
        "lock": false,
        "id": "@{parent.variables.name}/volume/panel",
        "visible": true,
        "interaction": true,
        "comments": "",
        "expand": false,
        "colorText": "auto",
        "colorWidget": "auto",
        "colorStroke": "auto",
        "colorFill": "auto",
        "alphaStroke": "auto",
        "alphaFillOff": "auto",
        "alphaFillOn": "auto",
        "lineWidth": 0,
        "borderRadius": 0,
        "padding": 1,
        "html": "",
        "css": "",
        "colorBg": "@{this.variables.color_bg}",
        "layout": "grid",
        "justify": "start",
        "gridTemplate": "1fr 1fr / 1fr",
        "contain": true,
        "scroll": true,
        "innerPadding": false,
        "tabsPosition": "top",
        "variables": "@{parent.variables}",
        "traversing": false,
        "value": "",
        "default": "",
        "linkId": "",
        "address": "auto",
        "preArgs": "",
        "typeTags": "",
        "decimals": 2,
        "target": "",
        "ignoreDefaults": false,
        "bypass": false,
        "onCreate": "",
        "onValue": "",
        "onTouch": "",
        "widgets": [
          {
            "type": "fader",
            "top": "74.24%",
            "left": "68.49%",
            "height": "42.44%",
            "width": "4.68%",
            "lock": false,
            "id": "@{parent.variables.name}/volume/vu/left",
            "visible": true,
            "interaction": false,
            "comments": "",
            "expand": "false",
            "colorText": "auto",
            "colorWidget": "auto",
            "colorStroke": "auto",
            "colorFill": "#00711c",
            "alphaStroke": "auto",
            "alphaFillOff": 0,
            "alphaFillOn": 0.5,
            "lineWidth": 0,
            "padding": -1,
            "html": "",
            "css": "grid-area: 1 / 1 / 1 / 1;",
            "value": "",
            "default": "",
            "linkId": "",
            "address": "auto",
            "preArgs": "",
            "typeTags": "i",
            "decimals": 10,
            "target": "",
            "ignoreDefaults": false,
            "bypass": false,
            "onCreate": "",
            "onValue": "",
            "borderRadius": 0,
            "design": "compact",
            "knobSize": 0,
            "horizontal": true,
            "pips": false,
            "dashed": false,
            "gradient": {
              "0": "#00711c",
              "1": "#ff2900",
              "0.5": "#d9c300"
            },
            "snap": false,
            "spring": false,
            "doubleTap": false,
            "range": {
              "min": 0,
              "max": 1280
            },
            "logScale": false,
            "sensitivity": 0.9,
            "steps": "",
            "origin": "auto",
            "onTouch": "var ids = getProp(\"this\", \"id\");\n\nif (event.type == \"start\") {\n  send(\"/\" + ids, {type: 'T', value: true});\n} else {\n  send(\"/\" + ids, {type: 'F', value: false});\n}",
            "colorKnob": "auto",
            "touchZone": "all"
          },
          {
            "type": "fader",
            "top": "74.24%",
            "left": "68.49%",
            "height": "42.44%",
            "width": "4.68%",
            "lock": false,
            "id": "@{parent.variables.name}/volume/vu/right",
            "visible": true,
            "interaction": false,
            "comments": "",
            "expand": "false",
            "colorText": "auto",
            "colorWidget": "auto",
            "colorStroke": "auto",
            "colorFill": "#00711c",
            "alphaStroke": "auto",
            "alphaFillOff": 0,
            "alphaFillOn": 0.5,
            "lineWidth": 0,
            "padding": -1,
            "html": "",
            "css": "grid-area: 2 / 2 / 2 / 1;",
            "value": "",
            "default": "",
            "linkId": "",
            "address": "auto",
            "preArgs": "",
            "typeTags": "i",
            "decimals": 10,
            "target": "",
            "ignoreDefaults": false,
            "bypass": false,
            "onCreate": "",
            "onValue": "",
            "borderRadius": 0,
            "design": "compact",
            "knobSize": 0,
            "horizontal": true,
            "pips": false,
            "dashed": false,
            "gradient": {
              "0": "#00711c",
              "1": "#ff2900",
              "0.5": "#d9c300"
            },
            "snap": false,
            "spring": false,
            "doubleTap": false,
            "range": {
              "min": 0,
              "max": 1280
            },
            "logScale": false,
            "sensitivity": 0.9,
            "steps": "",
            "origin": "auto",
            "onTouch": "var ids = getProp(\"this\", \"id\");\n\nif (event.type == \"start\") {\n  send(\"/\" + ids, {type: 'T', value: true});\n} else {\n  send(\"/\" + ids, {type: 'F', value: false});\n}",
            "colorKnob": "auto",
            "touchZone": "all"
          },
          {
            "type": "fader",
            "top": "74.24%",
            "left": "68.49%",
            "height": "42.44%",
            "width": "4.68%",
            "lock": false,
            "id": "@{parent.variables.name}/volume/mod",
            "visible": true,
            "interaction": true,
            "comments": "",
            "expand": "false",
            "colorText": "auto",
            "colorWidget": "auto",
            "colorStroke": "auto",
            "colorFill": "auto",
            "alphaStroke": "auto",
            "alphaFillOff": 0,
            "alphaFillOn": 0.4,
            "lineWidth": 0,
            "padding": "auto",
            "html": "",
            "css": "grid-area: 1 / 1 / span 2 / 1;",
            "value": "",
            "default": "",
            "linkId": "",
            "address": "auto",
            "preArgs": "",
            "typeTags": "d",
            "decimals": 10,
            "target": "",
            "ignoreDefaults": false,
            "bypass": false,
            "onCreate": "",
            "onValue": "",
            "borderRadius": 0,
            "design": "compact",
            "knobSize": 0,
            "horizontal": true,
            "pips": false,
            "dashed": false,
            "gradient": {
              "0": "#47474773",
              "1": "#bb34c4cf",
              "0.5": "#ffb00082"
            },
            "snap": false,
            "spring": false,
            "doubleTap": false,
            "range": {
              "min": 0,
              "max": 0.98
            },
            "logScale": false,
            "sensitivity": 0.9,
            "steps": "",
            "origin": "auto",
            "onTouch": "var ids = getProp(\"this\", \"id\");\n\nif (event.type == \"start\") {\n  send(\"/\" + ids, {type: 'T', value: true});\n} else {\n  send(\"/\" + ids, {type: 'F', value: false});\n}",
            "colorKnob": "auto",
            "touchZone": "all"
          },
          {
            "type": "fader",
            "top": "74.24%",
            "left": "68.49%",
            "height": "42.44%",
            "width": "100%",
            "lock": false,
            "id": "@{parent.variables.name}/volume",
            "visible": true,
            "interaction": true,
            "comments": "",
            "expand": "false",
            "colorText": "auto",
            "colorWidget": "auto",
            "colorStroke": "auto",
            "colorFill": "#e07100",
            "alphaStroke": "auto",
            "alphaFillOff": 0,
            "alphaFillOn": 0,
            "lineWidth": 0,
            "padding": 0,
            "html": "",
            "css": "grid-area: 1 / 1 / span 2 / 1;",
            "value": "",
            "default": "",
            "linkId": "",
            "address": "auto",
            "preArgs": "",
            "typeTags": "d",
            "decimals": 10,
            "target": "",
            "ignoreDefaults": false,
            "bypass": false,
            "onCreate": "",
            "onValue": "",
            "borderRadius": 0,
            "design": "compact",
            "knobSize": 5,
            "horizontal": true,
            "pips": false,
            "dashed": false,
            "gradient": {
              "0": "#47474773",
              "1": "#bb34c4cf",
              "0.5": "#ffb00082"
            },
            "snap": false,
            "spring": false,
            "doubleTap": false,
            "range": {
              "min": 0,
              "max": 0.98
            },
            "logScale": false,
            "sensitivity": 0.9,
            "steps": "",
            "origin": "auto",
            "onTouch": "var ids = getProp(\"this\", \"id\");\n\nif (event.type == \"start\") {\n  send(\"/\" + ids, {type: 'T', value: true});\n} else {\n  send(\"/\" + ids, {type: 'F', value: false});\n}",
            "colorKnob": "JS{\nreturn (OSC{/@{this.id}/c/k}) || 'auto';\n}",
            "touchZone": "all"
          }
        ],
        "tabs": []
      }
    ],
    "tabs": []
  }
}