{
  "version": "1.29.5",
  "createdWith": "Open Stage Control",
  "type": "fragment",
  "content": {
    "type": "panel",
    "top": "38.1%",
    "left": "17.94%",
    "height": "22.3%",
    "width": "68.39%",
    "lock": false,
    "id": "plugin_template1",
    "visible": true,
    "interaction": true,
    "comments": "",
    "expand": "false",
    "colorText": "auto",
    "colorWidget": "auto",
    "colorStroke": "auto",
    "colorFill": "auto",
    "alphaStroke": "auto",
    "alphaFillOff": "auto",
    "alphaFillOn": "auto",
    "lineWidth": "auto",
    "borderRadius": "auto",
    "padding": "auto",
    "html": "",
    "css": ":host {\n  class:stl-no-line;\n  opacity:#{\n    OSC{/@{this.id}/o} || 1;\n  };\n}",
    "colorBg": "auto",
    "layout": "grid",
    "justify": "start",
    "gridTemplate": "1fr / 95% 1fr",
    "contain": true,
    "scroll": true,
    "innerPadding": true,
    "tabsPosition": "top",
    "variables": {
      "name": "track/device"
    },
    "traversing": false,
    "value": "",
    "default": "",
    "linkId": "",
    "address": "auto",
    "preArgs": "",
    "typeTags": "",
    "decimals": 2,
    "target": "",
    "ignoreDefaults": false,
    "bypass": false,
    "onCreate": "",
    "onValue": "",
    "widgets": [
      {
        "type": "button",
        "top": "23.26%",
        "left": "7.35%",
        "height": "40.7%",
        "width": "29.41%",
        "lock": false,
        "id": "@{parent.variables.name}",
        "visible": true,
        "interaction": true,
        "comments": "",
        "expand": "false",
        "colorText": "auto",
        "colorWidget": "auto",
        "colorStroke": "auto",
        "colorFill": "auto",
        "alphaStroke": "auto",
        "alphaFillOff": "auto",
        "alphaFillOn": "auto",
        "lineWidth": "auto",
        "borderRadius": "auto",
        "padding": "auto",
        "html": "",
        "css": "",
        "colorTextOn": 0,
        "label": "JS{\nreturn (OSC{/@{this.id}/l}) || \"\";\n}",
        "vertical": false,
        "wrap": true,
        "on": 1,
        "off": 0,
        "mode": "push",
        "doubleTap": false,
        "decoupled": false,
        "value": "",
        "default": "",
        "linkId": "",
        "address": "auto",
        "preArgs": "",
        "typeTags": "i",
        "decimals": 2,
        "target": "",
        "ignoreDefaults": false,
        "bypass": false,
        "onCreate": "",
        "onValue": ""
      },
      {
        "type": "led",
        "top": "58.14%",
        "left": "69.85%",
        "height": "5.54%",
        "width": "2.23%",
        "lock": false,
        "id": "@{parent.variables.name}/led",
        "visible": true,
        "comments": "",
        "expand": "false",
        "colorText": "auto",
        "colorWidget": "auto",
        "colorStroke": "auto",
        "colorFill": "JS{\nreturn (OSC{/@{this.id}/f}) || \"auto\";\n}",
        "alphaStroke": "auto",
        "alphaFillOff": "auto",
        "alphaFillOn": "auto",
        "lineWidth": "auto",
        "borderRadius": "auto",
        "padding": "auto",
        "html": "",
        "css": "",
        "mode": "intensity",
        "range": {
          "min": 0,
          "max": 1
        },
        "alphaRange": {
          "min": 0,
          "max": 1
        },
        "logScale": false,
        "value": "",
        "default": "",
        "linkId": "",
        "address": "auto",
        "preArgs": "",
        "target": "",
        "onCreate": "",
        "onValue": "",
        "bypass": false,
        "interaction": false
      }
    ],
    "tabs": [],
    "onTouch": ""
  }
}