{
  "version": "1.29.5",
  "createdWith": "Open Stage Control",
  "type": "fragment",
  "content": {
    "type": "panel",
    "top": "39.03%",
    "left": "9.23%",
    "height": "13.01%",
    "width": "86.72%",
    "lock": false,
    "id": "favorite_track_and_plugin",
    "visible": true,
    "interaction": true,
    "comments": "",
    "expand": "false",
    "colorText": "auto",
    "colorWidget": "auto",
    "colorStroke": "auto",
    "colorFill": "auto",
    "alphaStroke": "auto",
    "alphaFillOff": "auto",
    "alphaFillOn": "auto",
    "lineWidth": "auto",
    "borderRadius": "auto",
    "padding": 1,
    "html": "",
    "css": ":host {\n  class:stl-no-line;\n  opacity:#{\n    OSC{/@{this.id}/o} || 1;\n  };\n}",
    "colorBg": "auto",
    "layout": "grid",
    "justify": "start",
    "gridTemplate": "25% 1fr / 1fr 50% 2% 1fr 1fr",
    "contain": true,
    "scroll": true,
    "innerPadding": false,
    "tabsPosition": "top",
    "variables": {
      "name": "track/device"
    },
    "traversing": false,
    "value": "",
    "default": "",
    "linkId": "",
    "address": "auto",
    "preArgs": "",
    "typeTags": "",
    "decimals": 2,
    "target": "",
    "ignoreDefaults": false,
    "bypass": false,
    "onCreate": "",
    "onValue": "",
    "widgets": [
      {
        "type": "button",
        "top": "25.09%",
        "left": "33.63%",
        "height": "6.46%",
        "width": "5.19%",
        "lock": false,
        "id": "@{parent.variables.name}/pin",
        "visible": true,
        "interaction": true,
        "comments": "",
        "expand": "false",
        "colorText": "auto",
        "colorWidget": "auto",
        "colorStroke": "auto",
        "colorFill": "auto",
        "alphaStroke": "auto",
        "alphaFillOff": "auto",
        "alphaFillOn": 0.7,
        "lineWidth": "auto",
        "padding": "auto",
        "html": "",
        "css": ":host {\n  class:icons-a;\n  font-size:17px;\n  grid-area: 1 / 1 / span 2 / 1;\n}\n:host.on {\n  --color-text-on:var(--orange);\n}",
        "colorTextOn": "auto",
        "label": "T",
        "vertical": false,
        "wrap": false,
        "on": true,
        "off": false,
        "mode": "toggle",
        "doubleTap": false,
        "value": "",
        "default": "",
        "linkId": "",
        "address": "auto",
        "preArgs": "",
        "typeTags": "",
        "decimals": 0,
        "target": "",
        "ignoreDefaults": false,
        "bypass": false,
        "onCreate": "",
        "onValue": "",
        "borderRadius": "auto",
        "decoupled": false
      },
      {
        "type": "text",
        "top": "29.85%",
        "left": "30.10%",
        "height": "6%",
        "width": "8%",
        "lock": false,
        "id": "@{parent.variables.name}/track/name",
        "visible": true,
        "comments": "",
        "expand": false,
        "colorText": "auto",
        "colorWidget": "auto",
        "colorStroke": "auto",
        "colorFill": "auto",
        "alphaStroke": "auto",
        "alphaFillOff": "auto",
        "alphaFillOn": "auto",
        "lineWidth": "auto",
        "borderRadius": "auto",
        "padding": "auto",
        "html": "",
        "css": "grid-area: 1 / 2 ;",
        "vertical": false,
        "wrap": false,
        "align": "left",
        "value": "Track: Name",
        "default": "",
        "linkId": "",
        "address": "auto",
        "preArgs": "",
        "decimals": 2,
        "target": "",
        "bypass": false,
        "onCreate": "",
        "onValue": "",
        "interaction": false
      },
      {
        "type": "button",
        "top": "23.26%",
        "left": "7.35%",
        "height": "40.7%",
        "width": "29.41%",
        "lock": false,
        "id": "@{parent.variables.name}",
        "visible": true,
        "interaction": true,
        "comments": "",
        "expand": "false",
        "colorText": "auto",
        "colorWidget": "auto",
        "colorStroke": "auto",
        "colorFill": "auto",
        "alphaStroke": "auto",
        "alphaFillOff": "auto",
        "alphaFillOn": "auto",
        "lineWidth": "auto",
        "borderRadius": "auto",
        "padding": "auto",
        "html": "",
        "css": "grid-area: 2 / 2 ;",
        "colorTextOn": 0,
        "label": "JS{\nreturn (OSC{/@{this.id}/l}) || \"\";\n}",
        "vertical": false,
        "wrap": true,
        "on": 1,
        "off": 0,
        "mode": "push",
        "doubleTap": false,
        "decoupled": false,
        "value": "",
        "default": "",
        "linkId": "",
        "address": "auto",
        "preArgs": "",
        "typeTags": "i",
        "decimals": 2,
        "target": "",
        "ignoreDefaults": false,
        "bypass": false,
        "onCreate": "",
        "onValue": ""
      },
      {
        "type": "led",
        "top": "58.14%",
        "left": "69.85%",
        "height": "5.54%",
        "width": "2.23%",
        "lock": false,
        "id": "@{parent.variables.name}/led",
        "visible": true,
        "comments": "",
        "expand": "false",
        "colorText": "auto",
        "colorWidget": "auto",
        "colorStroke": "auto",
        "colorFill": "JS{\nreturn (OSC{/@{this.id}/f}) || \"auto\";\n}",
        "alphaStroke": "auto",
        "alphaFillOff": "auto",
        "alphaFillOn": "auto",
        "lineWidth": "auto",
        "borderRadius": "auto",
        "padding": "auto",
        "html": "",
        "css": "grid-area: 1 / 3 / span 2 / span 1;",
        "mode": "intensity",
        "range": {
          "min": 0,
          "max": 1
        },
        "alphaRange": {
          "min": 0,
          "max": 1
        },
        "logScale": false,
        "value": "",
        "default": "",
        "linkId": "",
        "address": "auto",
        "preArgs": "",
        "target": "",
        "onCreate": "",
        "onValue": "",
        "bypass": false,
        "interaction": false
      },
      {
        "type": "button",
        "top": "48.33%",
        "left": "45.96%",
        "height": "100%",
        "width": "50%",
        "lock": false,
        "id": "@{parent.variables.name}/previous",
        "visible": true,
        "comments": "previous page",
        "expand": "false",
        "colorText": "#{OSC{/@{this.id}/l/c} || 'auto'}",
        "colorWidget": "auto",
        "colorStroke": "auto",
        "colorFill": "auto",
        "alphaStroke": "auto",
        "alphaFillOff": "auto",
        "alphaFillOn": "auto",
        "lineWidth": "auto",
        "borderRadius": 0,
        "padding": 0,
        "html": "",
        "css": "font-size:20px;\ngrid-area: 1 / 4 / span 2 / span 1;",
        "vertical": false,
        "wrap": false,
        "value": "",
        "default": "",
        "linkId": "",
        "address": "auto",
        "preArgs": "",
        "decimals": 2,
        "target": "",
        "onCreate": "",
        "onValue": "",
        "interaction": true,
        "colorTextOn": "#ffffffde",
        "label": "^arrow-left",
        "on": 1,
        "off": 0,
        "mode": "push",
        "doubleTap": false,
        "decoupled": false,
        "typeTags": "i",
        "ignoreDefaults": false,
        "bypass": false
      },
      {
        "type": "button",
        "top": "48.33%",
        "left": "45.96%",
        "height": "100%",
        "width": "50%",
        "lock": false,
        "id": "@{parent.variables.name}/next",
        "visible": true,
        "interaction": true,
        "comments": "next page",
        "expand": "false",
        "colorText": "#{OSC{/@{this.id}/l/c} || 'auto'}",
        "colorWidget": "auto",
        "colorStroke": "auto",
        "colorFill": "auto",
        "alphaStroke": "auto",
        "alphaFillOff": "auto",
        "alphaFillOn": "auto",
        "lineWidth": "auto",
        "borderRadius": 0,
        "padding": 0,
        "html": "",
        "css": "font-size:20px;\ngrid-area: 1 / 5 / span 2 / span 1;",
        "colorTextOn": "#ffffffde",
        "label": "^arrow-right",
        "vertical": false,
        "wrap": false,
        "on": 1,
        "off": 0,
        "mode": "push",
        "doubleTap": false,
        "decoupled": false,
        "value": "",
        "default": "",
        "linkId": "",
        "address": "auto",
        "preArgs": "",
        "typeTags": "i",
        "decimals": 2,
        "target": "",
        "ignoreDefaults": false,
        "bypass": false,
        "onCreate": "",
        "onValue": ""
      }
    ],
    "tabs": [],
    "onTouch": ""
  }
}