{
  "version": "1.29.5",
  "createdWith": "Open Stage Control",
  "type": "fragment",
  "content": {
    "type": "button",
    "top": "36.25%",
    "left": "14.63%",
    "height": "20.89%",
    "width": "66.42%",
    "lock": false,
    "id": "default/button",
    "visible": true,
    "interaction": true,
    "comments": "launcher button",
    "expand": "false",
    "colorText": "JS{\nreturn (OSC{/@{this.id}/l/c}) || 'auto';\n}",
    "colorWidget": "auto",
    "colorStroke": "JS{\nreturn (OSC{/@{this.id}/s}) || 'auto';\n}",
    "colorFill": "JS{\nreturn (OSC{/@{this.id}/f}) || 'auto';\n}",
    "alphaStroke": "JS{\nreturn (OSC{/@{this.id}/s/a}) || 'auto';\n}",
    "alphaFillOff": "JS{\nreturn (OSC{/@{this.id}/f/a}) || 'auto';\n}",
    "alphaFillOn": "auto",
    "lineWidth": 0,
    "padding": "JS{\nreturn (OSC{/@{this.id}/p}) || 'auto';\n}",
    "html": "",
    "css": ":host{\n  class:stl-panel-button;\n}",
    "colorTextOn": "auto",
    "label": "JS{\nreturn (OSC{/@{this.id}/l}) || '';\n}",
    "vertical": false,
    "wrap": true,
    "on": 1,
    "off": 0,
    "mode": "push",
    "doubleTap": false,
    "value": "",
    "default": "",
    "linkId": "",
    "address": "auto",
    "preArgs": "",
    "typeTags": "i",
    "decimals": 0,
    "target": "",
    "ignoreDefaults": false,
    "bypass": false,
    "onCreate": "",
    "onValue": "",
    "borderRadius": "auto",
    "decoupled": false
  }
}