{
  "version": "1.29.5",
  "createdWith": "Open Stage Control",
  "type": "fragment",
  "content": {
    "type": "panel",
    "top": "13.3%",
    "left": "14.76%",
    "height": "74.07%",
    "width": "75.65%",
    "lock": false,
    "id": "remote_template",
    "visible": true,
    "interaction": true,
    "comments": "",
    "expand": "false",
    "colorText": "auto",
    "colorWidget": "auto",
    "colorStroke": "auto",
    "colorFill": "auto",
    "alphaStroke": "auto",
    "alphaFillOff": "auto",
    "alphaFillOn": "auto",
    "lineWidth": 0,
    "borderRadius": 0,
    "padding": 1,
    "html": "",
    "css": "",
    "colorBg": 0,
    "layout": "grid",
    "justify": "start",
    "gridTemplate": "\"f f f f f\" 5%\n\"a a a a a\" 1fr\n\"b b c d e\" 10%",
    "contain": true,
    "scroll": false,
    "innerPadding": true,
    "tabsPosition": "top",
    "variables": {
      "name": "project/remote",
      "grid": 4,
      "color_icon": "var(--yellow)",
      "slider_stroke": "var(--remote-grey)",
      "slider_fill": "var(--orange)",
      "text_color": "var(--text-off)",
      "button_fill": "var(--remote-grey)"
    },
    "traversing": false,
    "value": "",
    "default": "",
    "linkId": "",
    "address": "auto",
    "preArgs": "",
    "typeTags": "",
    "decimals": 2,
    "target": "",
    "ignoreDefaults": false,
    "bypass": false,
    "onCreate": "",
    "onValue": "",
    "widgets": [
      {
        "type": "matrix",
        "top": "62.43%",
        "left": "21.65%",
        "height": "15.07%",
        "width": "32.99%",
        "lock": false,
        "id": "@{parent.variables.name}/matrix",
        "visible": true,
        "interaction": true,
        "comments": "",
        "expand": "false",
        "colorText": "auto",
        "colorWidget": "auto",
        "colorStroke": "auto",
        "colorFill": "auto",
        "alphaStroke": "auto",
        "alphaFillOff": "auto",
        "alphaFillOn": "auto",
        "lineWidth": 0,
        "borderRadius": "auto",
        "padding": 1,
        "html": "",
        "css": "grid-column: span 5;",
        "colorBg": 0,
        "layout": "grid",
        "justify": "start",
        "gridTemplate": "@{parent.variables.grid}",
        "contain": true,
        "scroll": false,
        "innerPadding": true,
        "variables": "@{parent.variables}",
        "traversing": false,
        "widgetType": "fragment",
        "quantity": "#{OSC{/@{this.id}/q} || 8}",
        "props": "JS{\n  var props = {variables: {}}\n  var name = @{parent.variables.name} + $\n  props.id = name + \"/panel\"\n  props.variables.name = name\n  props.variables.slider_stroke = @{parent.variables.slider_stroke}\n  props.variables.slider_fill = @{parent.variables.slider_fill}\n  props.variables.text_color = @{parent.variables.text_color}\n  props.variables.button_fill = @{parent.variables.button_fill}\n  return {\n    props: props,\n    file: \"fr_remote_slider.json\"\n  }\n}",
        "value": "",
        "default": "",
        "linkId": "",
        "address": "auto",
        "preArgs": "",
        "typeTags": "",
        "decimals": 2,
        "target": "",
        "ignoreDefaults": false,
        "bypass": false,
        "onCreate": "",
        "onValue": "",
        "widgets": [],
        "tabs": [],
        "onTouch": ""
      },
      {
        "type": "menu",
        "top": "65.50%",
        "left": "43.44%",
        "height": "10%",
        "width": "10%",
        "lock": false,
        "id": "@{parent.variables.name}/page",
        "visible": true,
        "interaction": true,
        "comments": "Remote page menu",
        "expand": "false",
        "size": [
          310,
          450
        ],
        "ignoreTabs": true,
        "colorText": "@{parent.variables.color_icon}",
        "colorWidget": "auto",
        "colorStroke": "auto",
        "colorFill": "auto",
        "alphaStroke": "auto",
        "alphaFillOff": "auto",
        "alphaFillOn": "auto",
        "lineWidth": "auto",
        "borderRadius": "auto",
        "padding": 0,
        "html": "",
        "css": ":host {\n  --color-background: #191919ea;\n  grid-area: b;\n}\n\n.item.on {\n  --alpha-fill-on: 0.5;\n  --color-fill: @{parent.variables.color_icon};\n}",
        "label": "%key",
        "icon": true,
        "textAlign": "center",
        "menuAlignV": "bottom",
        "menuAlignH": "left",
        "layout": "grid",
        "gridTemplate": "",
        "mode": "toggle",
        "values": "#{OSC{/@{this.id}/names} || []}",
        "weights": "",
        "value": "",
        "default": -1,
        "linkId": "",
        "address": "auto",
        "preArgs": "",
        "typeTags": "i",
        "decimals": 0,
        "target": "",
        "ignoreDefaults": false,
        "bypass": false,
        "onCreate": "",
        "onValue": ""
      },
      {
        "type": "button",
        "top": "0%",
        "left": "25%",
        "height": "100%",
        "width": "50%",
        "lock": false,
        "id": "@{parent.variables.name}/add",
        "visible": true,
        "interaction": true,
        "comments": "Tap: add new page Hold: clear mappings",
        "expand": "false",
        "colorText": "@{parent.variables.color_icon}",
        "colorWidget": "auto",
        "colorStroke": "auto",
        "colorFill": "auto",
        "alphaStroke": "auto",
        "alphaFillOff": "auto",
        "alphaFillOn": "auto",
        "lineWidth": "auto",
        "borderRadius": 0,
        "padding": "auto",
        "html": "",
        "css": "font-size:25px;\ngrid-area: e;",
        "colorTextOn": "#ffffffde",
        "label": "^add .",
        "vertical": false,
        "wrap": false,
        "on": 1,
        "off": 0,
        "mode": "push",
        "doubleTap": false,
        "decoupled": false,
        "value": "",
        "default": "",
        "linkId": "",
        "address": "auto",
        "preArgs": "",
        "typeTags": "i",
        "decimals": 2,
        "target": "",
        "ignoreDefaults": false,
        "bypass": false,
        "onCreate": "",
        "onValue": ""
      },
      {
        "type": "button",
        "top": "0%",
        "left": "25%",
        "height": "100%",
        "width": "50%",
        "lock": false,
        "id": "@{parent.variables.name}/next",
        "visible": true,
        "interaction": true,
        "comments": "next page",
        "expand": "false",
        "colorText": "@{parent.variables.color_icon}",
        "colorWidget": "auto",
        "colorStroke": "auto",
        "colorFill": "auto",
        "alphaStroke": "auto",
        "alphaFillOff": "auto",
        "alphaFillOn": "auto",
        "lineWidth": "auto",
        "borderRadius": 0,
        "padding": "auto",
        "html": "",
        "css": "class:icons-a;\nfont-size:25px;\ngrid-area: d;",
        "colorTextOn": "#ffffffde",
        "label": "D",
        "vertical": false,
        "wrap": false,
        "on": 1,
        "off": 0,
        "mode": "push",
        "doubleTap": false,
        "decoupled": false,
        "value": "",
        "default": "",
        "linkId": "",
        "address": "auto",
        "preArgs": "",
        "typeTags": "i",
        "decimals": 2,
        "target": "",
        "ignoreDefaults": false,
        "bypass": false,
        "onCreate": "",
        "onValue": ""
      },
      {
        "type": "button",
        "top": "0%",
        "left": "25%",
        "height": "100%",
        "width": "50%",
        "lock": false,
        "id": "@{parent.variables.name}/previous",
        "visible": true,
        "comments": "previous page",
        "expand": "false",
        "colorText": "@{parent.variables.color_icon}",
        "colorWidget": "auto",
        "colorStroke": "auto",
        "colorFill": "auto",
        "alphaStroke": "auto",
        "alphaFillOff": "auto",
        "alphaFillOn": "auto",
        "lineWidth": "auto",
        "borderRadius": 0,
        "padding": "auto",
        "html": "",
        "css": "class:icons-a;\nfont-size:25px;\ngrid-area: c;",
        "vertical": false,
        "wrap": false,
        "value": "",
        "default": "",
        "linkId": "",
        "address": "auto",
        "preArgs": "",
        "decimals": 2,
        "target": "",
        "onCreate": "",
        "onValue": "",
        "interaction": true,
        "colorTextOn": "#ffffffde",
        "label": "C",
        "on": 1,
        "off": 0,
        "mode": "push",
        "doubleTap": false,
        "decoupled": false,
        "typeTags": "i",
        "ignoreDefaults": false,
        "bypass": false
      },
      {
        "type": "text",
        "top": "1.03%",
        "left": "0%",
        "height": "10%",
        "width": "10%",
        "lock": false,
        "id": "@{parent.variables.name}/name",
        "visible": true,
        "comments": "Remote page name",
        "expand": "false",
        "colorText": "@{parent.variables.text_color}",
        "colorWidget": "auto",
        "colorStroke": "auto",
        "colorFill": "auto",
        "alphaStroke": "auto",
        "alphaFillOff": "auto",
        "alphaFillOn": "auto",
        "lineWidth": "auto",
        "borderRadius": "auto",
        "padding": "auto",
        "html": "",
        "css": "grid-area: f;",
        "vertical": false,
        "wrap": false,
        "align": "center",
        "value": "",
        "default": "",
        "linkId": "",
        "address": "auto",
        "preArgs": "",
        "decimals": 2,
        "target": "",
        "onCreate": "",
        "onValue": "",
        "bypass": false,
        "interaction": false
      }
    ],
    "tabs": [],
    "onTouch": ""
  }
}