{
  "version": "1.29.5",
  "createdWith": "Open Stage Control",
  "type": "fragment",
  "content": {
    "type": "panel",
    "top": "44.61%",
    "left": "16.45%",
    "height": "14.25%",
    "width": "71.96%",
    "lock": false,
    "id": "panel_horizontal_mix",
    "visible": true,
    "interaction": true,
    "comments": "",
    "expand": false,
    "colorText": "auto",
    "colorWidget": "auto",
    "colorStroke": "#d8d8d861",
    "colorFill": "auto",
    "alphaStroke": "auto",
    "alphaFillOff": "auto",
    "alphaFillOn": "auto",
    "lineWidth": 0,
    "borderRadius": 0,
    "padding": 5,
    "html": "",
    "css": ":host {\n  opacity:#{\n    OSC{/@{this.id}/o} || 1;\n  };\n}",
    "colorBg": "auto",
    "layout": "grid",
    "justify": "start",
    "gridTemplate": "1fr 2fr / 3fr 1fr 5fr 5fr 5fr",
    "contain": true,
    "scroll": true,
    "innerPadding": false,
    "tabsPosition": "top",
    "variables": {
      "name": "track"
    },
    "traversing": false,
    "value": "",
    "default": "",
    "linkId": "",
    "address": "auto",
    "preArgs": "",
    "typeTags": "",
    "decimals": 2,
    "target": "",
    "ignoreDefaults": false,
    "bypass": false,
    "onCreate": "",
    "onValue": "",
    "onTouch": "",
    "widgets": [
      {
        "type": "button",
        "top": "9.76%",
        "left": "7.13%",
        "height": "6%",
        "width": "8%",
        "lock": false,
        "id": "@{parent.variables.name}/select",
        "visible": true,
        "interaction": true,
        "comments": "",
        "expand": false,
        "colorText": "auto",
        "colorWidget": "auto",
        "colorStroke": "auto",
        "colorFill": "#{OSC{/@{this.id}/f} || 'auto'}",
        "alphaStroke": "auto",
        "alphaFillOff": "auto",
        "alphaFillOn": "auto",
        "lineWidth": "auto",
        "borderRadius": 10,
        "padding": "auto",
        "html": "",
        "css": "grid-area: 1 / 1 / span 2 / 1;",
        "colorTextOn": "auto",
        "label": false,
        "vertical": false,
        "wrap": false,
        "on": 1,
        "off": 0,
        "mode": "push",
        "doubleTap": false,
        "decoupled": false,
        "value": "",
        "default": "",
        "linkId": "",
        "address": "auto",
        "preArgs": "",
        "typeTags": "i",
        "decimals": 2,
        "target": "",
        "ignoreDefaults": false,
        "bypass": false,
        "onCreate": "",
        "onValue": ""
      },
      {
        "type": "led",
        "top": "9.76%",
        "left": "10.69%",
        "height": "6%",
        "width": "8%",
        "lock": false,
        "id": "@{parent.variables.name}/selected",
        "visible": true,
        "interaction": false,
        "comments": "",
        "expand": false,
        "colorText": "auto",
        "colorWidget": "auto",
        "colorStroke": "auto",
        "colorFill": "#fafafafe",
        "alphaStroke": "auto",
        "alphaFillOff": "#{OSC{/@{this.id}} || '0'}",
        "alphaFillOn": "auto",
        "lineWidth": "auto",
        "borderRadius": 10,
        "padding": "auto",
        "html": "",
        "css": "grid-area: 1 / 2 / span 2 / 2;",
        "mode": "intensity",
        "range": {
          "min": 0,
          "max": 1
        },
        "alphaRange": {
          "min": 0,
          "max": 1
        },
        "logScale": false,
        "value": "",
        "default": "",
        "linkId": "",
        "address": "auto",
        "preArgs": "",
        "target": "",
        "bypass": false,
        "onCreate": "",
        "onValue": ""
      },
      {
        "type": "text",
        "top": "9.76%",
        "left": "5.34%",
        "height": "6%",
        "width": "8%",
        "lock": false,
        "id": "@{parent.variables.name}/name",
        "visible": true,
        "interaction": false,
        "comments": "",
        "expand": false,
        "colorText": "auto",
        "colorWidget": "auto",
        "colorStroke": "auto",
        "colorFill": "auto",
        "alphaStroke": "auto",
        "alphaFillOff": "auto",
        "alphaFillOn": "auto",
        "lineWidth": "auto",
        "borderRadius": "auto",
        "padding": "auto",
        "html": "",
        "css": "grid-area: 1 / 3 / 1 / span 3;",
        "vertical": false,
        "wrap": false,
        "align": "center",
        "value": "",
        "default": "",
        "linkId": "",
        "address": "auto",
        "preArgs": "",
        "decimals": 2,
        "target": "",
        "bypass": false,
        "onCreate": "",
        "onValue": ""
      },
      {
        "type": "button",
        "top": "20%",
        "left": "1.92%",
        "height": "40%",
        "width": "5.77%",
        "lock": false,
        "id": "@{parent.variables.name}/solo",
        "visible": true,
        "interaction": true,
        "comments": "",
        "expand": "false",
        "colorText": "#{OSC{/@{this.id}} == \"on\" ? \"#000000\" : 'auto'}",
        "colorWidget": "auto",
        "colorStroke": "auto",
        "colorFill": "#{OSC{/@{this.id}} == \"on\" ? \"var(--yellow)\" : 'auto'}",
        "alphaStroke": "auto",
        "alphaFillOff": "#{OSC{/@{this.id}} == \"on\" ? '0.7' : 'auto'}",
        "alphaFillOn": "auto",
        "lineWidth": "auto",
        "padding": "auto",
        "html": "",
        "css": ":host {\n  class:stl-panel-button;\n  font-size:17px;\n}\n",
        "colorTextOn": "auto",
        "label": "S",
        "vertical": false,
        "wrap": false,
        "on": 1,
        "off": 0,
        "mode": "push",
        "doubleTap": false,
        "value": "",
        "default": "",
        "linkId": "",
        "address": "auto",
        "preArgs": "",
        "typeTags": "i",
        "decimals": 0,
        "target": "",
        "ignoreDefaults": false,
        "bypass": false,
        "onCreate": "",
        "onValue": "",
        "borderRadius": 10,
        "decoupled": false
      },
      {
        "type": "button",
        "top": "20%",
        "left": "9.62%",
        "height": "40%",
        "width": "7.69%",
        "lock": false,
        "id": "@{parent.variables.name}/mute",
        "visible": true,
        "interaction": true,
        "comments": "",
        "expand": "false",
        "colorText": "#{OSC{/@{this.id}} == \"on\" ? \"#000000\" : 'auto'}",
        "colorWidget": "auto",
        "colorStroke": "auto",
        "colorFill": "#{OSC{/@{this.id}} == \"on\" ? \"var(--orange)\" : 'auto'}",
        "alphaStroke": "auto",
        "alphaFillOff": "#{OSC{/@{this.id}} == \"on\" ? '0.7' : 'auto'}",
        "alphaFillOn": "auto",
        "lineWidth": "auto",
        "padding": "auto",
        "html": "",
        "css": ":host {\n  class:stl-panel-button;\n  font-size:17px;\n}",
        "colorTextOn": "auto",
        "label": "M",
        "vertical": false,
        "wrap": false,
        "on": 1,
        "off": 0,
        "mode": "push",
        "doubleTap": false,
        "value": "",
        "default": "",
        "linkId": "",
        "address": "auto",
        "preArgs": "",
        "typeTags": "i",
        "decimals": 0,
        "target": "",
        "ignoreDefaults": false,
        "bypass": false,
        "onCreate": "",
        "onValue": "",
        "borderRadius": 10,
        "decoupled": false
      },
      {
        "type": "button",
        "top": "20%",
        "left": "21.15%",
        "height": "40%",
        "width": "9.62%",
        "lock": false,
        "id": "@{parent.variables.name}/arm",
        "visible": true,
        "interaction": true,
        "comments": "",
        "expand": "false",
        "colorText": "#{OSC{/@{this.id}} == \"on\" ? \"#000000\" : 'auto'}",
        "colorWidget": "auto",
        "colorStroke": "auto",
        "colorFill": "#{OSC{/@{this.id}} == \"on\" ? \"var(--record)\" : 'auto'}",
        "alphaStroke": "auto",
        "alphaFillOff": "#{OSC{/@{this.id}} == \"on\" ? '0.7' : 'auto'}",
        "alphaFillOn": "auto",
        "lineWidth": "auto",
        "padding": "auto",
        "html": "",
        "css": ":host {\n  class:stl-panel-button;\n  font-size:11px;\n}",
        "colorTextOn": "auto",
        "label": "^circle",
        "vertical": false,
        "wrap": false,
        "on": 1,
        "off": 0,
        "mode": "push",
        "doubleTap": false,
        "value": "",
        "default": "",
        "linkId": "",
        "address": "auto",
        "preArgs": "",
        "typeTags": "i",
        "decimals": 0,
        "target": "",
        "ignoreDefaults": false,
        "bypass": false,
        "onCreate": "",
        "onValue": "",
        "borderRadius": 10,
        "decoupled": false
      }
    ],
    "tabs": []
  }
}