{
  "version": "1.29.5",
  "createdWith": "Open Stage Control",
  "type": "fragment",
  "content": {
    "type": "panel",
    "top": "0%",
    "left": "0%",
    "height": "54.57%",
    "width": "20.6%",
    "lock": false,
    "id": "template_selected_track_mixer",
    "visible": true,
    "interaction": true,
    "comments": "",
    "expand": "false",
    "colorText": "auto",
    "colorWidget": "auto",
    "colorStroke": "auto",
    "colorFill": "rgba(109,181,253,1)",
    "alphaStroke": "#{OSC{/@{this.id}/s/a} || 'auto'}",
    "alphaFillOff": "auto",
    "alphaFillOn": "auto",
    "lineWidth": 1,
    "borderRadius": "auto",
    "padding": 1,
    "html": "",
    "css": ":host {\n  class:panel-bg-pink-mid;\n  /*grid-area: 1;*/\n  grid-column: span 2;\n  opacity:#{\n    OSC{/@{this.id}/o} || 1;\n  };\n}",
    "colorBg": "rgba(0,0,0,0)",
    "layout": "grid",
    "justify": "start",
    "gridTemplate": "11.5% 5% 59.9% 1fr 1fr 1fr/ repeat(8, 1fr)",
    "contain": true,
    "scroll": false,
    "innerPadding": true,
    "tabsPosition": "top",
    "variables": {
      "name": "track"
    },
    "traversing": false,
    "value": "",
    "default": "",
    "linkId": "",
    "address": "auto",
    "preArgs": "",
    "typeTags": "",
    "decimals": 2,
    "target": "",
    "ignoreDefaults": false,
    "bypass": false,
    "onCreate": "",
    "onValue": "",
    "widgets": [
      {
        "type": "fader",
        "top": "74.24%",
        "left": "68.49%",
        "height": "42.44%",
        "width": "4.68%",
        "lock": false,
        "id": "@{parent.variables.name}/pan",
        "visible": true,
        "interaction": true,
        "comments": "",
        "expand": "false",
        "colorText": "auto",
        "colorWidget": "auto",
        "colorStroke": "auto",
        "colorFill": "#{OSC{/@{parent.variables.name}/f} || '#ff9b51'}",
        "alphaStroke": "auto",
        "alphaFillOff": 0.1,
        "alphaFillOn": 0.4,
        "lineWidth": 0,
        "padding": -1,
        "html": "",
        "css": "/*grid-column: span 8;*/\ngrid-area: 1 / span 8;",
        "value": "",
        "default": 0.793,
        "linkId": "",
        "address": "auto",
        "preArgs": "",
        "typeTags": "d",
        "decimals": 10,
        "target": "",
        "ignoreDefaults": false,
        "bypass": false,
        "onCreate": "",
        "onValue": "",
        "borderRadius": "auto",
        "design": "compact",
        "knobSize": 3,
        "horizontal": true,
        "pips": false,
        "dashed": false,
        "gradient": {
          "0": "#47474773",
          "1": "#bb34c4cf",
          "0.5": "#ffb00082"
        },
        "snap": false,
        "spring": false,
        "doubleTap": false,
        "range": {
          "min": 0,
          "max": 1
        },
        "logScale": false,
        "sensitivity": 0.9,
        "steps": "",
        "origin": 0.5,
        "onTouch": "var ids = getProp(\"this\", \"id\");\n\nif (event.type == \"start\") {\n  send(\"/\" + ids, {type: 'T', value: true});\n} else {\n  send(\"/\" + ids, {type: 'F', value: false});\n}",
        "colorKnob": "JS{\nreturn (OSC{/@{this.id}/c/k}) || 'auto';\n}",
        "touchZone": "all"
      },
      {
        "type": "text",
        "top": "17.47%",
        "left": "61.22%",
        "height": "3.69%",
        "width": "4.68%",
        "lock": false,
        "id": "@{parent.variables.name}/volume/value",
        "visible": true,
        "comments": "",
        "expand": "false",
        "colorText": "auto",
        "colorWidget": "auto",
        "colorStroke": "auto",
        "colorFill": "auto",
        "alphaStroke": "auto",
        "alphaFillOff": "auto",
        "alphaFillOn": "auto",
        "lineWidth": "auto",
        "borderRadius": "auto",
        "padding": "auto",
        "html": "",
        "css": "\ngrid-area: 2 / span 8;",
        "vertical": false,
        "wrap": false,
        "value": 100,
        "default": "",
        "linkId": "",
        "address": "auto",
        "preArgs": "",
        "decimals": 2,
        "target": "",
        "onCreate": "",
        "onValue": "",
        "align": "center",
        "bypass": false,
        "interaction": false
      },
      {
        "type": "fragment",
        "top": "2.40%",
        "left": "97.09%",
        "height": "6%",
        "width": "8%",
        "lock": false,
        "id": "fragment_volume",
        "visible": true,
        "interaction": true,
        "comments": "",
        "expand": false,
        "css": "grid-column: span 8;\nborder-radius: 0;",
        "file": "fr_volume_vertical_vu.json",
        "fallback": "",
        "props": {
          "id": "track_volume_selected",
          "variables": {
            "name": "track",
            "color_bg": "#00000084",
            "border_radius": "0"
          }
        },
        "address": "auto",
        "variables": "@{parent.variables}"
      },
      {
        "type": "button",
        "top": "55.06%",
        "left": "47.62%",
        "height": "8.3%",
        "width": "4.68%",
        "lock": false,
        "id": "@{parent.variables.name}/monitor",
        "visible": true,
        "interaction": true,
        "comments": "",
        "expand": "false",
        "colorText": "#{OSC{/@{this.id}/l/c} || 'auto'}",
        "colorWidget": "auto",
        "colorStroke": "auto",
        "colorFill": "auto",
        "alphaStroke": "auto",
        "alphaFillOff": "auto",
        "alphaFillOn": "auto",
        "lineWidth": "auto",
        "padding": 0,
        "html": "",
        "css": ":host {\n  \n  class:icons-a;\n  font-size:30px;\n  grid-area: 4 / span 4;\n}",
        "colorTextOn": "var(--text-off)",
        "label": "#{OSC{/@{this.id}/l} || 'M'}",
        "vertical": false,
        "wrap": false,
        "on": 4,
        "off": 0,
        "mode": "push",
        "doubleTap": false,
        "value": "",
        "default": "",
        "linkId": "",
        "address": "auto",
        "preArgs": "",
        "typeTags": "i",
        "decimals": 0,
        "target": "",
        "ignoreDefaults": false,
        "bypass": false,
        "onCreate": "",
        "onValue": "",
        "borderRadius": 0,
        "decoupled": false
      },
      {
        "type": "button",
        "top": "55.06%",
        "left": "47.62%",
        "height": "8.3%",
        "width": "4.68%",
        "lock": false,
        "id": "@{parent.variables.name}/arm",
        "visible": true,
        "interaction": true,
        "comments": "",
        "expand": "false",
        "colorText": "#{OSC{/@{this.id}} == \"on\" ? \"#000000\" : 'auto'}",
        "colorWidget": "auto",
        "colorStroke": "auto",
        "colorFill": "#{OSC{/@{this.id}} == \"on\" ? \"var(--record)\" : 'auto'}",
        "alphaStroke": "auto",
        "alphaFillOff": "#{OSC{/@{this.id}} == \"on\" ? '0.7' : 'auto'}",
        "alphaFillOn": "auto",
        "lineWidth": "auto",
        "padding": 0,
        "html": "",
        "css": ":host {\n  grid-area: 4 / span 4;\n  font-size:17px;\n}",
        "colorTextOn": "auto",
        "label": "^circle",
        "vertical": false,
        "wrap": false,
        "on": 1,
        "off": 0,
        "mode": "push",
        "doubleTap": false,
        "value": "",
        "default": "",
        "linkId": "",
        "address": "auto",
        "preArgs": "",
        "typeTags": "i",
        "decimals": 0,
        "target": "",
        "ignoreDefaults": false,
        "bypass": false,
        "onCreate": "",
        "onValue": "",
        "borderRadius": 0,
        "decoupled": false
      },
      {
        "type": "button",
        "top": "63.36%",
        "left": "47.62%",
        "height": "8.3%",
        "width": "4.68%",
        "lock": false,
        "id": "@{parent.variables.name}/solo",
        "visible": true,
        "interaction": true,
        "comments": "",
        "expand": "false",
        "colorText": "#{OSC{/@{this.id}} == \"on\" ? \"#000000\" : 'auto'}",
        "colorWidget": "auto",
        "colorStroke": "auto",
        "colorFill": "#{OSC{/@{this.id}} == \"on\" ? \"var(--yellow)\" : 'auto'}",
        "alphaStroke": "auto",
        "alphaFillOff": "#{OSC{/@{this.id}} == \"on\" ? '0.7' : 'auto'}",
        "alphaFillOn": "auto",
        "lineWidth": "auto",
        "padding": 0,
        "html": "",
        "css": ":host {\n  grid-area: 5 / span 4;\n  \n  font-size:17px;\n}\n",
        "colorTextOn": "auto",
        "label": "S",
        "vertical": false,
        "wrap": false,
        "on": 1,
        "off": 0,
        "mode": "push",
        "doubleTap": false,
        "value": "",
        "default": "",
        "linkId": "",
        "address": "auto",
        "preArgs": "",
        "typeTags": "i",
        "decimals": 0,
        "target": "",
        "ignoreDefaults": false,
        "bypass": false,
        "onCreate": "",
        "onValue": "",
        "borderRadius": 0,
        "decoupled": false
      },
      {
        "type": "button",
        "top": "55.06%",
        "left": "47.62%",
        "height": "8.3%",
        "width": "4.68%",
        "lock": false,
        "id": "@{parent.variables.name}/mute",
        "visible": true,
        "interaction": true,
        "comments": "",
        "expand": "false",
        "colorText": "#{OSC{/@{this.id}} == \"on\" ? \"#000000\" : 'auto'}",
        "colorWidget": "auto",
        "colorStroke": "auto",
        "colorFill": "#{OSC{/@{this.id}} == \"on\" ? \"var(--orange)\" : 'auto'}",
        "alphaStroke": "auto",
        "alphaFillOff": "#{OSC{/@{this.id}} == \"on\" ? '0.7' : 'auto'}",
        "alphaFillOn": "auto",
        "lineWidth": "auto",
        "padding": 0,
        "html": "",
        "css": ":host {\n  grid-area: 5 / span 4;\n  font-size:17px;\n}",
        "colorTextOn": "auto",
        "label": "M",
        "vertical": false,
        "wrap": false,
        "on": 1,
        "off": 0,
        "mode": "push",
        "doubleTap": false,
        "value": "",
        "default": "",
        "linkId": "",
        "address": "auto",
        "preArgs": "",
        "typeTags": "i",
        "decimals": 0,
        "target": "",
        "ignoreDefaults": false,
        "bypass": false,
        "onCreate": "",
        "onValue": "",
        "borderRadius": 0,
        "decoupled": false
      },
      {
        "type": "button",
        "top": "55.06%",
        "left": "47.62%",
        "height": "8.3%",
        "width": "4.68%",
        "lock": false,
        "id": "@{parent.variables.name}/select",
        "visible": true,
        "interaction": true,
        "comments": "",
        "expand": "false",
        "colorText": "auto",
        "colorWidget": "auto",
        "colorStroke": "auto",
        "colorFill": "auto",
        "alphaStroke": "auto",
        "alphaFillOff": "auto",
        "alphaFillOn": "auto",
        "lineWidth": 0,
        "padding": -1,
        "html": "",
        "css": ":host {\n  class:panel-bg-white-b;\n  grid-area: 6 / span 8;\n}",
        "colorTextOn": "auto",
        "label": "JS{\nreturn (OSC{/@{parent.variables.name}/l}) || \"Track: Name\";\n}",
        "vertical": false,
        "wrap": true,
        "on": 1,
        "off": 0,
        "mode": "push",
        "doubleTap": false,
        "value": "",
        "default": "",
        "linkId": "",
        "address": "auto",
        "preArgs": "",
        "typeTags": "i",
        "decimals": 0,
        "target": "",
        "ignoreDefaults": false,
        "bypass": false,
        "onCreate": "",
        "onValue": "",
        "borderRadius": 0,
        "decoupled": false
      }
    ],
    "tabs": [],
    "onTouch": ""
  }
}