{
  "version": "1.29.5",
  "createdWith": "Open Stage Control",
  "type": "fragment",
  "content": {
    "type": "panel",
    "top": "35.68%",
    "left": "3.71%",
    "height": "25.07%",
    "width": "90.91%",
    "lock": false,
    "id": "track/sel/dev/param/1/panel",
    "visible": true,
    "interaction": true,
    "comments": "",
    "expand": "false",
    "colorText": "auto",
    "colorWidget": "auto",
    "colorStroke": "auto",
    "colorFill": "auto",
    "alphaStroke": "auto",
    "alphaFillOff": "auto",
    "alphaFillOn": "auto",
    "lineWidth": "auto",
    "borderRadius": "auto",
    "padding": 1,
    "html": "",
    "css": ":host {\n  class:stl-no-line;\n  opacity:#{\n    OSC{/@{this.id}/o} || 1;\n  };\n}",
    "colorBg": 0,
    "layout": "grid",
    "justify": "start",
    "gridTemplate": "35% 1fr / 1fr 1fr",
    "contain": true,
    "scroll": true,
    "innerPadding": false,
    "tabsPosition": "top",
    "variables": {
      "name": "track/sel/dev/param/1"
    },
    "traversing": false,
    "value": "",
    "default": "",
    "linkId": "",
    "address": "auto",
    "preArgs": "",
    "typeTags": "",
    "decimals": 2,
    "target": "",
    "ignoreDefaults": false,
    "bypass": false,
    "onCreate": "",
    "onValue": "",
    "widgets": [
      {
        "type": "text",
        "top": "17.47%",
        "left": "61.22%",
        "height": "3.69%",
        "width": "4.68%",
        "lock": false,
        "id": "@{parent.variables.name}/name",
        "visible": true,
        "comments": "",
        "expand": "false",
        "colorText": "var(--text-off)",
        "colorWidget": "auto",
        "colorStroke": 0,
        "colorFill": "#00000087",
        "alphaStroke": "auto",
        "alphaFillOff": 0.7,
        "alphaFillOn": 1,
        "lineWidth": 0,
        "borderRadius": "auto",
        "padding": "auto",
        "html": "",
        "css": "",
        "vertical": false,
        "wrap": "soft",
        "value": "#{OSC{/@{parent.variables.name}/l} || ''}",
        "default": "",
        "linkId": "",
        "address": "auto",
        "preArgs": "",
        "decimals": 2,
        "target": "",
        "onCreate": "",
        "onValue": "",
        "align": "center",
        "interaction": false,
        "bypass": false
      },
      {
        "type": "text",
        "top": "17.47%",
        "left": "61.22%",
        "height": "3.69%",
        "width": "4.68%",
        "lock": false,
        "id": "@{parent.variables.name}/value",
        "visible": true,
        "comments": "",
        "expand": "false",
        "colorText": "var(--text-off)",
        "colorWidget": "auto",
        "colorStroke": 0,
        "colorFill": "#00000087",
        "alphaStroke": "auto",
        "alphaFillOff": 0.7,
        "alphaFillOn": 1,
        "lineWidth": 0,
        "borderRadius": "auto",
        "padding": "auto",
        "html": "",
        "css": "",
        "vertical": false,
        "wrap": "soft",
        "value": "#{OSC{/@{parent.variables.name}/l} || ''}",
        "default": "",
        "linkId": "",
        "address": "auto",
        "preArgs": "",
        "decimals": 2,
        "target": "",
        "onCreate": "",
        "onValue": "",
        "align": "center",
        "interaction": false,
        "bypass": false
      },
      {
        "type": "panel",
        "top": "36.77%",
        "left": "0%",
        "height": "8.3%",
        "width": "98.59%",
        "lock": false,
        "id": "panel_volume_control_horizontal",
        "visible": true,
        "interaction": true,
        "comments": "",
        "expand": false,
        "colorText": "auto",
        "colorWidget": "auto",
        "colorStroke": "auto",
        "colorFill": "auto",
        "alphaStroke": "auto",
        "alphaFillOff": "auto",
        "alphaFillOn": "auto",
        "lineWidth": 0,
        "borderRadius": 0,
        "padding": 1,
        "html": "",
        "css": "grid-column: span 2;",
        "colorBg": "#00000039",
        "layout": "grid",
        "justify": "start",
        "gridTemplate": "1fr 1fr / 1fr",
        "contain": true,
        "scroll": true,
        "innerPadding": false,
        "tabsPosition": "top",
        "variables": {
          "name": "@{parent.variables.name}",
          "color_bg": "#00000084"
        },
        "traversing": false,
        "value": "",
        "default": "",
        "linkId": "",
        "address": "auto",
        "preArgs": "",
        "typeTags": "",
        "decimals": 2,
        "target": "",
        "ignoreDefaults": false,
        "bypass": false,
        "onCreate": "",
        "onValue": "",
        "onTouch": "",
        "widgets": [
          {
            "type": "fader",
            "top": "74.24%",
            "left": "68.49%",
            "height": "42.44%",
            "width": "4.68%",
            "lock": false,
            "id": "@{parent.variables.name}/mod",
            "visible": true,
            "interaction": true,
            "comments": "",
            "expand": "false",
            "colorText": "auto",
            "colorWidget": "auto",
            "colorStroke": "auto",
            "colorFill": "auto",
            "alphaStroke": "auto",
            "alphaFillOff": 0,
            "alphaFillOn": 0.7,
            "lineWidth": 0,
            "padding": "auto",
            "html": "",
            "css": "grid-area: 1 / 1 / span 2 / 1;",
            "value": "",
            "default": "",
            "linkId": "",
            "address": "auto",
            "preArgs": "",
            "typeTags": "d",
            "decimals": 10,
            "target": "",
            "ignoreDefaults": false,
            "bypass": false,
            "onCreate": "",
            "onValue": "",
            "borderRadius": 0,
            "design": "compact",
            "knobSize": 0,
            "horizontal": true,
            "pips": false,
            "dashed": false,
            "gradient": {
              "0": "#47474773",
              "1": "#bb34c4cf",
              "0.5": "#47474773"
            },
            "snap": false,
            "spring": false,
            "doubleTap": false,
            "range": {
              "min": 0,
              "max": 1
            },
            "logScale": false,
            "sensitivity": 0.9,
            "steps": "",
            "origin": "auto",
            "onTouch": "var ids = getProp(\"this\", \"id\");\n\nif (event.type == \"start\") {\n  send(\"/\" + ids, {type: 'T', value: true});\n} else {\n  send(\"/\" + ids, {type: 'F', value: false});\n}",
            "colorKnob": "auto",
            "touchZone": "all"
          },
          {
            "type": "fader",
            "top": "74.24%",
            "left": "68.49%",
            "height": "42.44%",
            "width": "100%",
            "lock": false,
            "id": "@{parent.variables.name}",
            "visible": true,
            "interaction": true,
            "comments": "",
            "expand": "false",
            "colorText": "auto",
            "colorWidget": "auto",
            "colorStroke": "auto",
            "colorFill": "#e07100",
            "alphaStroke": "auto",
            "alphaFillOff": 0,
            "alphaFillOn": 0,
            "lineWidth": 0,
            "padding": 0,
            "html": "",
            "css": "grid-area: 1 / 1 / span 2 / 1;",
            "value": "",
            "default": "",
            "linkId": "",
            "address": "auto",
            "preArgs": "",
            "typeTags": "d",
            "decimals": 10,
            "target": "",
            "ignoreDefaults": false,
            "bypass": false,
            "onCreate": "",
            "onValue": "",
            "borderRadius": 0,
            "design": "compact",
            "knobSize": 7,
            "horizontal": true,
            "pips": true,
            "dashed": false,
            "gradient": [],
            "snap": false,
            "spring": false,
            "doubleTap": false,
            "range": {
              "min": 0,
              "max": 1
            },
            "logScale": false,
            "sensitivity": 0.9,
            "steps": "",
            "origin": "auto",
            "onTouch": "var ids = getProp(\"this\", \"id\");\n\nif (event.type == \"start\") {\n  send(\"/\" + ids, {type: 'T', value: true});\n} else {\n  send(\"/\" + ids, {type: 'F', value: false});\n}",
            "colorKnob": "JS{\nreturn (OSC{/@{this.id}/c/k}) || 'auto';\n}",
            "touchZone": "all"
          }
        ],
        "tabs": []
      }
    ],
    "tabs": [],
    "onTouch": ""
  }
}