{
  "version": "1.29.5",
  "createdWith": "Open Stage Control",
  "type": "fragment",
  "content": {
    "type": "panel",
    "top": "21.37%",
    "left": "22.84%",
    "height": "61.97%",
    "width": "58.82%",
    "lock": false,
    "id": "send_template",
    "visible": true,
    "interaction": true,
    "comments": "",
    "expand": "false",
    "colorText": "auto",
    "colorWidget": "auto",
    "colorStroke": "auto",
    "colorFill": "auto",
    "alphaStroke": "auto",
    "alphaFillOff": "auto",
    "alphaFillOn": "auto",
    "lineWidth": 0,
    "borderRadius": 0,
    "padding": 1,
    "html": "",
    "css": "",
    "colorBg": 0,
    "layout": "grid",
    "justify": "start",
    "gridTemplate": "5% 1fr 10% / repeat(4, 1fr)",
    "contain": true,
    "scroll": false,
    "innerPadding": true,
    "tabsPosition": "top",
    "variables": {
      "title": "TRACK SEND BANK",
      "name": "track/send",
      "grid": 4,
      "color_auto_post": "#e9b308",
      "color_prefader": "#08bde9",
      "color_icon": "var(--yellow)",
      "slider_stroke": "var(--remote-grey)",
      "text_color": "var(--text-off)",
      "button_fill": "var(--remote-grey)"
    },
    "traversing": false,
    "value": "",
    "default": "",
    "linkId": "",
    "address": "auto",
    "preArgs": "",
    "typeTags": "",
    "decimals": 2,
    "target": "",
    "ignoreDefaults": false,
    "bypass": false,
    "onCreate": "",
    "onValue": "",
    "widgets": [
      {
        "type": "text",
        "top": "1.03%",
        "left": "0%",
        "height": "10%",
        "width": "10%",
        "lock": false,
        "id": "@{parent.variables.name}/name",
        "visible": true,
        "comments": "Remote page name",
        "expand": "false",
        "colorText": "@{parent.variables.text_color}",
        "colorWidget": "auto",
        "colorStroke": "auto",
        "colorFill": "auto",
        "alphaStroke": "auto",
        "alphaFillOff": "auto",
        "alphaFillOn": 1,
        "lineWidth": 0,
        "borderRadius": "auto",
        "padding": "auto",
        "html": "",
        "css": "grid-column: span 4;",
        "vertical": false,
        "wrap": false,
        "align": "center",
        "value": "@{parent.variables.title}",
        "default": "",
        "linkId": "",
        "address": "auto",
        "preArgs": "",
        "decimals": 2,
        "target": "",
        "onCreate": "",
        "onValue": "",
        "bypass": false,
        "interaction": false
      },
      {
        "type": "matrix",
        "top": "62.43%",
        "left": "21.65%",
        "height": "15.07%",
        "width": "32.99%",
        "lock": false,
        "id": "@{parent.variables.name}/matrix",
        "visible": true,
        "interaction": true,
        "comments": "",
        "expand": "false",
        "colorText": "auto",
        "colorWidget": "auto",
        "colorStroke": "auto",
        "colorFill": "auto",
        "alphaStroke": "auto",
        "alphaFillOff": "auto",
        "alphaFillOn": "auto",
        "lineWidth": 0,
        "borderRadius": "auto",
        "padding": 1,
        "html": "",
        "css": "grid-column: span 4;",
        "colorBg": 0,
        "layout": "grid",
        "justify": "start",
        "gridTemplate": "@{parent.variables.grid}",
        "contain": true,
        "scroll": false,
        "innerPadding": true,
        "variables": "@{parent.variables}",
        "traversing": false,
        "widgetType": "fragment",
        "quantity": "#{OSC{/@{this.id}/q} || 8}",
        "props": "JS{\n  var props = {variables: {}}\n  var name = @{parent.variables.name} + $\n  props.id = name + \"/panel\"\n  props.variables.name = name\n  props.variables.color_auto_post = \"#e9b308\"\n  props.variables.color_prefader = \"#08bde9\"\n  props.variables.slider_stroke = @{parent.variables.slider_stroke}\n  props.variables.text_color = @{parent.variables.text_color}\n  props.variables.button_fill = @{parent.variables.button_fill}\n  return {\n    props: props,\n    file: \"fr_send.json\"\n  }\n}",
        "value": "",
        "default": "",
        "linkId": "",
        "address": "auto",
        "preArgs": "",
        "typeTags": "",
        "decimals": 2,
        "target": "",
        "ignoreDefaults": false,
        "bypass": false,
        "onCreate": "",
        "onValue": "",
        "widgets": [],
        "tabs": [],
        "onTouch": ""
      },
      {
        "type": "button",
        "top": "0%",
        "left": "25%",
        "height": "100%",
        "width": "50%",
        "lock": false,
        "id": "@{parent.variables.name}/add",
        "visible": true,
        "interaction": true,
        "comments": "Tap: add new page Hold: clear mappings",
        "expand": "false",
        "colorText": "@{parent.variables.color_icon}",
        "colorWidget": "auto",
        "colorStroke": "auto",
        "colorFill": "auto",
        "alphaStroke": "auto",
        "alphaFillOff": "auto",
        "alphaFillOn": "auto",
        "lineWidth": "auto",
        "borderRadius": 0,
        "padding": "auto",
        "html": "",
        "css": "font-size:25px;\n/*grid-area: b;*/",
        "colorTextOn": "#ffffffde",
        "label": "^add",
        "vertical": false,
        "wrap": false,
        "on": 1,
        "off": 0,
        "mode": "push",
        "doubleTap": false,
        "decoupled": false,
        "value": "",
        "default": "",
        "linkId": "",
        "address": "auto",
        "preArgs": "",
        "typeTags": "i",
        "decimals": 2,
        "target": "",
        "ignoreDefaults": false,
        "bypass": false,
        "onCreate": "",
        "onValue": ""
      },
      {
        "type": "button",
        "top": "0%",
        "left": "25%",
        "height": "100%",
        "width": "50%",
        "lock": false,
        "id": "@{parent.variables.name}/back",
        "visible": true,
        "comments": "previous page",
        "expand": "false",
        "colorText": "#{OSC{/@{this.id}/l/c} == \"on\" ? @{parent.variables.color_icon} : 'auto'}",
        "colorWidget": "auto",
        "colorStroke": "auto",
        "colorFill": "auto",
        "alphaStroke": "auto",
        "alphaFillOff": "auto",
        "alphaFillOn": "auto",
        "lineWidth": "auto",
        "borderRadius": 0,
        "padding": "auto",
        "html": "",
        "css": "class:icons-a;\nfont-size:25px;\n/*grid-area: c;*/",
        "vertical": false,
        "wrap": false,
        "value": "",
        "default": "",
        "linkId": "",
        "address": "auto",
        "preArgs": "",
        "decimals": 2,
        "target": "",
        "onCreate": "",
        "onValue": "",
        "interaction": true,
        "colorTextOn": "#ffffffde",
        "label": "C",
        "on": 1,
        "off": 0,
        "mode": "push",
        "doubleTap": false,
        "decoupled": false,
        "typeTags": "i",
        "ignoreDefaults": false,
        "bypass": false
      },
      {
        "type": "button",
        "top": "0%",
        "left": "25%",
        "height": "100%",
        "width": "50%",
        "lock": false,
        "id": "@{parent.variables.name}/forward",
        "visible": true,
        "interaction": true,
        "comments": "next page",
        "expand": "false",
        "colorText": "#{OSC{/@{this.id}/l/c} == \"on\" ? @{parent.variables.color_icon} : 'auto'}",
        "colorWidget": "auto",
        "colorStroke": "auto",
        "colorFill": "auto",
        "alphaStroke": "auto",
        "alphaFillOff": "auto",
        "alphaFillOn": "auto",
        "lineWidth": "auto",
        "borderRadius": 0,
        "padding": "auto",
        "html": "",
        "css": "class:icons-a;\nfont-size:25px;\n/*grid-area: d;*/",
        "colorTextOn": "#ffffffde",
        "label": "D",
        "vertical": false,
        "wrap": false,
        "on": 1,
        "off": 0,
        "mode": "push",
        "doubleTap": false,
        "decoupled": false,
        "value": "",
        "default": "",
        "linkId": "",
        "address": "auto",
        "preArgs": "",
        "typeTags": "i",
        "decimals": 2,
        "target": "",
        "ignoreDefaults": false,
        "bypass": false,
        "onCreate": "",
        "onValue": ""
      },
      {
        "type": "button",
        "top": "0%",
        "left": "25%",
        "height": "100%",
        "width": "50%",
        "lock": false,
        "id": "@{parent.variables.name}/add/master",
        "visible": true,
        "interaction": true,
        "comments": "Tap: add new page Hold: clear mappings",
        "expand": "false",
        "colorText": "@{parent.variables.color_icon}",
        "colorWidget": "auto",
        "colorStroke": "auto",
        "colorFill": "auto",
        "alphaStroke": "auto",
        "alphaFillOff": "auto",
        "alphaFillOn": "auto",
        "lineWidth": "auto",
        "borderRadius": 0,
        "padding": "auto",
        "html": "",
        "css": "font-size:25px;\n/*grid-area: e;*/",
        "colorTextOn": "#ffffffde",
        "label": "^add _",
        "vertical": false,
        "wrap": false,
        "on": 1,
        "off": 0,
        "mode": "push",
        "doubleTap": false,
        "decoupled": false,
        "value": "",
        "default": "",
        "linkId": "",
        "address": "auto",
        "preArgs": "",
        "typeTags": "i",
        "decimals": 2,
        "target": "",
        "ignoreDefaults": false,
        "bypass": false,
        "onCreate": "",
        "onValue": ""
      }
    ],
    "tabs": [],
    "onTouch": ""
  }
}