{
  "version": "1.29.5",
  "createdWith": "Open Stage Control",
  "type": "fragment",
  "content": {
    "type": "panel",
    "top": "25.09%",
    "left": "20.36%",
    "height": "49.26%",
    "width": "56.29%",
    "lock": false,
    "id": "template_send",
    "visible": true,
    "interaction": true,
    "comments": "",
    "expand": "false",
    "colorText": "auto",
    "colorWidget": "auto",
    "colorStroke": "auto",
    "colorFill": "auto",
    "alphaStroke": "auto",
    "alphaFillOff": "auto",
    "alphaFillOn": "auto",
    "lineWidth": 0,
    "borderRadius": 0,
    "padding": "auto",
    "html": "",
    "css": ":host {\n  /*class:stl-tab-button;*/\n  /*background-color: rgba(0,0,0,0.25);*/\n  opacity:#{\n    OSC{/@{this.id}/o} || 1;\n  };\n}",
    "colorBg": "auto",
    "layout": "grid",
    "justify": "start",
    "gridTemplate": "21%  70% / 1fr",
    "contain": true,
    "scroll": false,
    "innerPadding": true,
    "tabsPosition": "top",
    "variables": {
      "name": "send",
      "color_auto_post": "#e9b308",
      "color_prefader": "#08bde9",
      "slider_stroke": "var(--remote-grey)",
      "text_color": "var(--text-off)",
      "button_fill": "var(--remote-grey)"
    },
    "traversing": false,
    "value": "",
    "default": "",
    "linkId": "",
    "address": "auto",
    "preArgs": "",
    "typeTags": "",
    "decimals": 2,
    "target": "",
    "ignoreDefaults": true,
    "bypass": false,
    "onCreate": "",
    "onValue": "",
    "widgets": [
      {
        "type": "button",
        "top": "0%",
        "left": "0%",
        "height": "50%",
        "width": "100%",
        "lock": false,
        "id": "@{parent.variables.name}/toggle",
        "visible": true,
        "interaction": true,
        "comments": "",
        "expand": "false",
        "colorText": "@{parent.variables.text_color}",
        "colorWidget": "auto",
        "colorStroke": "auto",
        "colorFill": "@{parent.variables.button_fill}",
        "alphaStroke": 0,
        "alphaFillOff": "JS{\nreturn (OSC{/@{parent.variables.name}/state}) == \"on\" ? 0.3 : 0.1\n}",
        "alphaFillOn": 0.7,
        "lineWidth": 2,
        "padding": 1,
        "html": "",
        "css": "",
        "colorTextOn": "auto",
        "label": "JS{\nreturn (OSC{/@{this.id}/l}) || \"\";\n}",
        "vertical": false,
        "wrap": "soft",
        "on": 1,
        "off": 0,
        "mode": "push",
        "doubleTap": false,
        "value": "",
        "default": "",
        "linkId": "",
        "address": "auto",
        "preArgs": "",
        "typeTags": "i",
        "decimals": 0,
        "target": "",
        "ignoreDefaults": false,
        "bypass": false,
        "onCreate": "",
        "onValue": "",
        "borderRadius": 5,
        "decoupled": false
      },
      {
        "type": "fader",
        "top": "21.23%",
        "left": "3.7%",
        "height": 150,
        "width": 160,
        "lock": false,
        "id": "@{parent.variables.name}/value",
        "visible": true,
        "interaction": true,
        "comments": "",
        "expand": "false",
        "colorText": "auto",
        "colorWidget": "auto",
        "colorStroke": "@{parent.variables.slider_stroke}",
        "colorFill": "JS{\nreturn (OSC{/@{parent.variables.name}/prefader}) == \"on\" ? @{parent.variables.color_prefader} : @{parent.variables.color_auto_post}\n}",
        "alphaStroke": "JS{\nreturn (OSC{/@{parent.variables.name}/state}) == \"on\" ? 0.3 : 0.1\n}",
        "alphaFillOff": 0.1,
        "alphaFillOn": "JS{\nreturn (OSC{/@{parent.variables.name}/state}) == \"on\" ? 1 : 0.1\n}",
        "lineWidth": 3,
        "borderRadius": "auto",
        "padding": -1,
        "html": "",
        "css": "",
        "design": "compact",
        "pips": false,
        "dashed": false,
        "spring": false,
        "doubleTap": false,
        "range": {
          "min": 0,
          "max": 1
        },
        "logScale": false,
        "sensitivity": 1,
        "steps": "",
        "origin": 0,
        "value": "",
        "default": 0,
        "linkId": "",
        "address": "auto",
        "preArgs": "",
        "typeTags": "d",
        "decimals": 10,
        "target": "",
        "ignoreDefaults": false,
        "bypass": false,
        "onCreate": "",
        "onValue": "",
        "onTouch": "var ids = getProp(\"this\", \"id\");\n\nif (event.type == \"start\") {\n  send(\"/\" + ids, {type: 'T', value: true});\n} else {\n  send(\"/\" + ids, {type: 'F', value: false});\n}",
        "colorKnob": "JS{\nreturn (OSC{/@{this.id}/c/k}) || 'auto';\n}",
        "knobSize": 10,
        "horizontal": false,
        "gradient": [],
        "snap": false,
        "touchZone": "all"
      },
      {
        "type": "text",
        "top": "10.10%",
        "left": "103.45%",
        "height": "6%",
        "width": "8%",
        "lock": false,
        "id": "@{parent.variables.name}/display",
        "visible": true,
        "comments": "",
        "expand": "false",
        "colorText": "@{parent.variables.text_color}",
        "colorWidget": "auto",
        "colorStroke": "auto",
        "colorFill": "#000000",
        "alphaStroke": "auto",
        "alphaFillOff": 0,
        "alphaFillOn": 1,
        "lineWidth": "auto",
        "borderRadius": "auto",
        "padding": "auto",
        "html": "",
        "css": "",
        "vertical": false,
        "wrap": false,
        "align": "center",
        "value": "",
        "default": "",
        "linkId": "",
        "address": "auto",
        "preArgs": "",
        "decimals": 2,
        "target": "",
        "onCreate": "",
        "onValue": "",
        "bypass": false,
        "interaction": false
      }
    ],
    "tabs": [],
    "onTouch": ""
  }
}