{
  "version": "1.29.5",
  "createdWith": "Open Stage Control",
  "type": "fragment",
  "content": {
    "type": "panel",
    "top": "19.52%",
    "left": "24.74%",
    "height": "57.62%",
    "width": "auto",
    "lock": false,
    "id": "template_group_controls",
    "visible": true,
    "interaction": true,
    "comments": "",
    "expand": "false",
    "colorText": "auto",
    "colorWidget": "auto",
    "colorStroke": "auto",
    "colorFill": "auto",
    "alphaStroke": "#{OSC{/@{this.id}/s/a} || \"0\"}",
    "alphaFillOff": "auto",
    "alphaFillOn": "auto",
    "lineWidth": "auto",
    "borderRadius": "auto",
    "padding": "auto",
    "html": "",
    "css": ":host {\n  opacity:#{\n    OSC{/@{this.id}/o} || 1;\n  };\n}",
    "colorBg": "#00000000",
    "layout": "grid",
    "justify": "start",
    "gridTemplate": "12% 3% 65% 1fr 1fr / repeat(8, 1fr)",
    "contain": true,
    "scroll": false,
    "innerPadding": true,
    "tabsPosition": "top",
    "variables": {
      "name": "group/1"
    },
    "traversing": false,
    "value": "",
    "default": "",
    "linkId": "",
    "address": "auto",
    "preArgs": "",
    "typeTags": "",
    "decimals": 2,
    "target": "",
    "ignoreDefaults": false,
    "bypass": false,
    "onCreate": "",
    "onValue": "",
    "widgets": [
      {
        "type": "fader",
        "top": "74.24%",
        "left": "68.49%",
        "height": "42.44%",
        "width": "4.68%",
        "lock": false,
        "id": "@{parent.variables.name}/pan",
        "visible": true,
        "interaction": true,
        "comments": "",
        "expand": "false",
        "colorText": "auto",
        "colorWidget": "#{OSC{/@{parent.variables.name}/f} || \"auto\"}",
        "colorStroke": "auto",
        "colorFill": "auto",
        "alphaStroke": "auto",
        "alphaFillOff": 0.1,
        "alphaFillOn": 0.4,
        "lineWidth": 0,
        "padding": "auto",
        "html": "",
        "css": "grid-column: span 8;",
        "value": "",
        "default": 0.793,
        "linkId": "",
        "address": "auto",
        "preArgs": "",
        "typeTags": "d",
        "decimals": 10,
        "target": "",
        "ignoreDefaults": false,
        "bypass": false,
        "onCreate": "",
        "onValue": "",
        "borderRadius": "auto",
        "design": "compact",
        "knobSize": 3,
        "horizontal": true,
        "pips": false,
        "dashed": false,
        "gradient": [],
        "snap": false,
        "spring": false,
        "doubleTap": false,
        "range": {
          "min": 0,
          "max": 1
        },
        "logScale": false,
        "sensitivity": 0.9,
        "steps": "",
        "origin": 0.5,
        "onTouch": "var ids = getProp(\"this\", \"id\");\n\nif (event.type == \"start\") {\n  send(\"/\" + ids, {type: 'T', value: true});\n} else {\n  send(\"/\" + ids, {type: 'F', value: false});\n}",
        "colorKnob": "auto",
        "touchZone": "all"
      },
      {
        "type": "text",
        "top": "17.47%",
        "left": "61.22%",
        "height": "3.69%",
        "width": "4.68%",
        "lock": false,
        "id": "@{parent.variables.name}/volume/value",
        "visible": true,
        "comments": "",
        "expand": "false",
        "colorText": "var(--text-off)",
        "colorWidget": 0,
        "colorStroke": 0,
        "colorFill": 0,
        "alphaStroke": "auto",
        "alphaFillOff": "auto",
        "alphaFillOn": "auto",
        "lineWidth": 0,
        "borderRadius": "auto",
        "padding": "auto",
        "html": "",
        "css": "grid-column: span 8;",
        "vertical": false,
        "wrap": false,
        "value": 100,
        "default": "",
        "linkId": "",
        "address": "auto",
        "preArgs": "",
        "decimals": 2,
        "target": "",
        "onCreate": "",
        "onValue": "",
        "align": "center",
        "bypass": false,
        "interaction": false
      },
      {
        "type": "fader",
        "top": "74.24%",
        "left": "68.49%",
        "height": "42.44%",
        "width": "4.68%",
        "lock": false,
        "id": "@{parent.variables.name}/volume",
        "visible": true,
        "interaction": true,
        "comments": "",
        "expand": "false",
        "colorText": "auto",
        "colorWidget": "#{OSC{/@{parent.variables.name}/f} || \"auto\"}",
        "colorStroke": "auto",
        "colorFill": "auto",
        "alphaStroke": "auto",
        "alphaFillOff": 0.1,
        "alphaFillOn": 0.4,
        "lineWidth": 0,
        "padding": "auto",
        "html": "",
        "css": "grid-column: span 8;",
        "value": "",
        "default": "",
        "linkId": "",
        "address": "auto",
        "preArgs": "",
        "typeTags": "d",
        "decimals": 10,
        "target": "",
        "ignoreDefaults": false,
        "bypass": false,
        "onCreate": "",
        "onValue": "",
        "borderRadius": 0,
        "design": "compact",
        "knobSize": 5,
        "horizontal": false,
        "pips": false,
        "dashed": false,
        "gradient": [],
        "snap": false,
        "spring": false,
        "doubleTap": false,
        "range": {
          "min": 0,
          "max": 0.98
        },
        "logScale": false,
        "sensitivity": 0.9,
        "steps": "",
        "origin": "auto",
        "onTouch": "var ids = getProp(\"this\", \"id\");\n\nif (event.type == \"start\") {\n  send(\"/\" + ids, {type: 'T', value: true});\n} else {\n  send(\"/\" + ids, {type: 'F', value: false});\n}",
        "colorKnob": "auto",
        "touchZone": "all"
      },
      {
        "type": "button",
        "top": "63.36%",
        "left": "47.62%",
        "height": "8.3%",
        "width": "4.68%",
        "lock": false,
        "id": "@{parent.variables.name}/solo",
        "visible": true,
        "interaction": true,
        "comments": "",
        "expand": "false",
        "colorText": "#{OSC{/@{this.id}} == \"on\" ? \"#000000\" : 'auto'}",
        "colorWidget": "auto",
        "colorStroke": "auto",
        "colorFill": "#{OSC{/@{this.id}} == \"on\" ? \"var(--yellow)\" : 'auto'}",
        "alphaStroke": "auto",
        "alphaFillOff": "#{OSC{/@{this.id}} == \"on\" ? '0.7' : 'auto'}",
        "alphaFillOn": "auto",
        "lineWidth": "auto",
        "padding": 0,
        "html": "",
        "css": ":host {\n  grid-column: span 4;\n}\n",
        "colorTextOn": "auto",
        "label": "S",
        "vertical": false,
        "wrap": false,
        "on": 1,
        "off": 0,
        "mode": "push",
        "doubleTap": false,
        "value": "",
        "default": "",
        "linkId": "",
        "address": "auto",
        "preArgs": "",
        "typeTags": "i",
        "decimals": 0,
        "target": "",
        "ignoreDefaults": false,
        "bypass": false,
        "onCreate": "",
        "onValue": "",
        "borderRadius": 5,
        "decoupled": false
      },
      {
        "type": "button",
        "top": "55.06%",
        "left": "47.62%",
        "height": "8.3%",
        "width": "4.68%",
        "lock": false,
        "id": "@{parent.variables.name}/mute",
        "visible": true,
        "interaction": true,
        "comments": "",
        "expand": "false",
        "colorText": "#{OSC{/@{this.id}} == \"on\" ? \"#000000\" : 'auto'}",
        "colorWidget": "auto",
        "colorStroke": "auto",
        "colorFill": "#{OSC{/@{this.id}} == \"on\" ? \"var(--orange)\" : 'auto'}",
        "alphaStroke": "auto",
        "alphaFillOff": "#{OSC{/@{this.id}} == \"on\" ? '0.7' : 'auto'}",
        "alphaFillOn": "auto",
        "lineWidth": "auto",
        "padding": 0,
        "html": "",
        "css": ":host {\n  grid-column: span 4;\n}",
        "colorTextOn": "auto",
        "label": "M",
        "vertical": false,
        "wrap": false,
        "on": 1,
        "off": 0,
        "mode": "push",
        "doubleTap": false,
        "value": "",
        "default": "",
        "linkId": "",
        "address": "auto",
        "preArgs": "",
        "typeTags": "i",
        "decimals": 0,
        "target": "",
        "ignoreDefaults": false,
        "bypass": false,
        "onCreate": "",
        "onValue": "",
        "borderRadius": 5,
        "decoupled": false
      },
      {
        "type": "button",
        "top": "55.06%",
        "left": "47.62%",
        "height": "8.3%",
        "width": "4.68%",
        "lock": false,
        "id": "@{parent.variables.name}/select",
        "visible": true,
        "interaction": true,
        "comments": "",
        "expand": "false",
        "colorText": "auto",
        "colorWidget": "auto",
        "colorStroke": "auto",
        "colorFill": "#{OSC{/@{parent.variables.name}/f} || \"0\"}",
        "alphaStroke": "auto",
        "alphaFillOff": 0.3,
        "alphaFillOn": "auto",
        "lineWidth": "auto",
        "padding": 0,
        "html": "",
        "css": ":host {\n  grid-column: span 8;\n}",
        "colorTextOn": "auto",
        "label": "JS{\nreturn (OSC{/@{parent.variables.name}/l}) || \"Name\";\n}",
        "vertical": false,
        "wrap": "soft",
        "on": 1,
        "off": 0,
        "mode": "push",
        "doubleTap": false,
        "value": "",
        "default": "",
        "linkId": "",
        "address": "auto",
        "preArgs": "",
        "typeTags": "i",
        "decimals": 0,
        "target": "",
        "ignoreDefaults": false,
        "bypass": false,
        "onCreate": "",
        "onValue": "",
        "borderRadius": 5,
        "decoupled": false
      }
    ],
    "tabs": [],
    "onTouch": ""
  }
}