{
  "version": "1.29.5",
  "createdWith": "Open Stage Control",
  "type": "fragment",
  "content": {
    "type": "panel",
    "top": "0%",
    "left": "0%",
    "height": "98.57%",
    "width": "98.39%",
    "lock": false,
    "id": "panel_volume_control_vertical",
    "visible": true,
    "interaction": true,
    "comments": "",
    "expand": false,
    "colorText": "auto",
    "colorWidget": "auto",
    "colorStroke": "auto",
    "colorFill": "auto",
    "alphaStroke": "auto",
    "alphaFillOff": "auto",
    "alphaFillOn": "auto",
    "lineWidth": 0,
    "borderRadius": 0,
    "padding": 1,
    "html": "",
    "css": "",
    "colorBg": "@{this.variables.color_bg}",
    "layout": "grid",
    "justify": "start",
    "gridTemplate": "1fr / 1fr 1fr",
    "contain": true,
    "scroll": true,
    "innerPadding": false,
    "tabsPosition": "top",
    "variables": {
      "name": "track",
      "color_bg": "#00000029",
      "border_radius": 0,
      "knob_color": "#e07100",
      "vu_gradient": {
        "0": "#00711c",
        "1": "#ff2900",
        "0.5": "#d9c300"
      },
      "volume_gradient": {
        "0": "#47474773",
        "1": "#bb34c4cf",
        "0.5": "#ffb00082"
      }
    },
    "traversing": false,
    "value": "",
    "default": "",
    "linkId": "",
    "address": "auto",
    "preArgs": "",
    "typeTags": "",
    "decimals": 2,
    "target": "",
    "ignoreDefaults": false,
    "bypass": false,
    "onCreate": "",
    "onValue": "",
    "onTouch": "",
    "widgets": [
      {
        "type": "fader",
        "top": "74.24%",
        "left": "68.49%",
        "height": "42.44%",
        "width": "4.68%",
        "lock": false,
        "id": "@{parent.variables.name}/volume/vu/left",
        "visible": true,
        "interaction": false,
        "comments": "",
        "expand": "false",
        "colorText": "auto",
        "colorWidget": "auto",
        "colorStroke": "auto",
        "colorFill": "#00711c",
        "alphaStroke": "auto",
        "alphaFillOff": 0,
        "alphaFillOn": 0.5,
        "lineWidth": 0,
        "padding": -1,
        "html": "",
        "css": "grid-area: 1 / 1 / 1 / 1;",
        "value": "",
        "default": "",
        "linkId": "",
        "address": "auto",
        "preArgs": "",
        "typeTags": "i",
        "decimals": 10,
        "target": "",
        "ignoreDefaults": false,
        "bypass": false,
        "onCreate": "",
        "onValue": "",
        "borderRadius": 0,
        "design": "compact",
        "knobSize": 0,
        "horizontal": false,
        "pips": false,
        "dashed": false,
        "gradient": "@{parent.variables.vu_gradient}",
        "snap": false,
        "spring": false,
        "doubleTap": false,
        "range": {
          "min": 0,
          "max": 1590
        },
        "logScale": false,
        "sensitivity": 0.9,
        "steps": "",
        "origin": "auto",
        "onTouch": "var ids = getProp(\"this\", \"id\");\n\nif (event.type == \"start\") {\n  send(\"/\" + ids, {type: 'T', value: true});\n} else {\n  send(\"/\" + ids, {type: 'F', value: false});\n}",
        "colorKnob": "auto",
        "touchZone": "all"
      },
      {
        "type": "fader",
        "top": "74.24%",
        "left": "68.49%",
        "height": "42.44%",
        "width": "4.68%",
        "lock": false,
        "id": "@{parent.variables.name}/volume/vu/right",
        "visible": true,
        "interaction": false,
        "comments": "",
        "expand": "false",
        "colorText": "auto",
        "colorWidget": "auto",
        "colorStroke": "auto",
        "colorFill": "#00711c",
        "alphaStroke": "auto",
        "alphaFillOff": 0,
        "alphaFillOn": 0.5,
        "lineWidth": 0,
        "padding": -1,
        "html": "",
        "css": "grid-area: 1 / 2 / 1 / 2;",
        "value": "",
        "default": "",
        "linkId": "",
        "address": "auto",
        "preArgs": "",
        "typeTags": "i",
        "decimals": 10,
        "target": "",
        "ignoreDefaults": false,
        "bypass": false,
        "onCreate": "",
        "onValue": "",
        "borderRadius": 0,
        "design": "compact",
        "knobSize": 0,
        "horizontal": false,
        "pips": false,
        "dashed": false,
        "gradient": "@{parent.variables.vu_gradient}",
        "snap": false,
        "spring": false,
        "doubleTap": false,
        "range": {
          "min": 0,
          "max": 1590
        },
        "logScale": false,
        "sensitivity": 0.9,
        "steps": "",
        "origin": "auto",
        "onTouch": "var ids = getProp(\"this\", \"id\");\n\nif (event.type == \"start\") {\n  send(\"/\" + ids, {type: 'T', value: true});\n} else {\n  send(\"/\" + ids, {type: 'F', value: false});\n}",
        "colorKnob": "auto",
        "touchZone": "all"
      },
      {
        "type": "fader",
        "top": "74.24%",
        "left": "68.49%",
        "height": "42.44%",
        "width": "4.68%",
        "lock": false,
        "id": "@{parent.variables.name}/volume/mod",
        "visible": true,
        "interaction": true,
        "comments": "",
        "expand": "false",
        "colorText": "auto",
        "colorWidget": "auto",
        "colorStroke": "auto",
        "colorFill": "auto",
        "alphaStroke": "auto",
        "alphaFillOff": 0,
        "alphaFillOn": 0.4,
        "lineWidth": 0,
        "padding": "auto",
        "html": "",
        "css": "grid-area: 1 / 1 / 1 / span 2;",
        "value": "",
        "default": "",
        "linkId": "",
        "address": "auto",
        "preArgs": "",
        "typeTags": "d",
        "decimals": 10,
        "target": "",
        "ignoreDefaults": false,
        "bypass": false,
        "onCreate": "",
        "onValue": "",
        "borderRadius": 0,
        "design": "compact",
        "knobSize": 0,
        "horizontal": false,
        "pips": false,
        "dashed": false,
        "gradient": "@{parent.variables.volume_gradient}",
        "snap": false,
        "spring": false,
        "doubleTap": false,
        "range": {
          "min": 0,
          "max": 0.98
        },
        "logScale": false,
        "sensitivity": 0.9,
        "steps": "",
        "origin": "auto",
        "onTouch": "var ids = getProp(\"this\", \"id\");\n\nif (event.type == \"start\") {\n  send(\"/\" + ids, {type: 'T', value: true});\n} else {\n  send(\"/\" + ids, {type: 'F', value: false});\n}",
        "colorKnob": "auto",
        "touchZone": "all"
      },
      {
        "type": "fader",
        "top": "74.24%",
        "left": "68.49%",
        "height": "42.44%",
        "width": "100%",
        "lock": false,
        "id": "@{parent.variables.name}/volume",
        "visible": true,
        "interaction": true,
        "comments": "",
        "expand": "false",
        "colorText": "auto",
        "colorWidget": "auto",
        "colorStroke": "auto",
        "colorFill": "@{parent.variables.knob_color}",
        "alphaStroke": "auto",
        "alphaFillOff": 0,
        "alphaFillOn": 0,
        "lineWidth": 0,
        "padding": 0,
        "html": "",
        "css": "grid-area: 1 / 1 / 1 / span 2;",
        "value": "",
        "default": "",
        "linkId": "",
        "address": "auto",
        "preArgs": "",
        "typeTags": "d",
        "decimals": 10,
        "target": "",
        "ignoreDefaults": false,
        "bypass": false,
        "onCreate": "",
        "onValue": "",
        "borderRadius": 0,
        "design": "compact",
        "knobSize": 7,
        "horizontal": false,
        "pips": true,
        "dashed": false,
        "gradient": [],
        "snap": false,
        "spring": false,
        "doubleTap": false,
        "range": {
          "min": 0,
          "max": 0.98
        },
        "logScale": false,
        "sensitivity": 0.9,
        "steps": "",
        "origin": "auto",
        "onTouch": "var ids = getProp(\"this\", \"id\");\n\nif (event.type == \"start\") {\n  send(\"/\" + ids, {type: 'T', value: true});\n} else {\n  send(\"/\" + ids, {type: 'F', value: false});\n}",
        "colorKnob": "JS{\nreturn (OSC{/@{this.id}/c/k}) || 'auto';\n}",
        "touchZone": "all"
      }
    ],
    "tabs": []
  }
}